node1,node2
Mishnah Arakhin,Tosefta Arakhin
Mishnah Arakhin,Tosefta Arakhin
Mishnah Arakhin,Tosefta Arakhin
Mishnah Arakhin,Tosefta Arakhin
Mishnah Arakhin,Tosefta Arakhin
Mishnah Arakhin,Tosefta Arakhin
Mishnah Arakhin,Tosefta Arakhin
Mishnah Arakhin,Tosefta Arakhin
Mishnah Arakhin,Tosefta Arakhin
Mishnah Arakhin,Tosefta Arakhin
Mishnah Arakhin,Tosefta Arakhin
Mishnah Arakhin,Tosefta Arakhin
Mishnah Arakhin,Tosefta Arakhin
Mishnah Arakhin,Tosefta Arakhin
Mishnah Arakhin,Tosefta Arakhin
Mishnah Arakhin,Tosefta Arakhin
Mishnah Arakhin,Tosefta Arakhin
Mishnah Arakhin,Tosefta Arakhin
Mishnah Arakhin,Tosefta Ma'aser Sheni
Mishnah Arakhin,Tosefta Arakhin
Mishnah Arakhin,Tosefta Arakhin
Mishnah Arakhin,Tosefta Arakhin
Mishnah Arakhin,Tosefta Arakhin
Mishnah Avodah Zarah,Tosefta Avodah Zarah
Mishnah Avodah Zarah,Tosefta Avodah Zarah
Mishnah Avodah Zarah,Tosefta Parah
Mishnah Avodah Zarah,Tosefta Avodah Zarah
Mishnah Avodah Zarah,Tosefta Avodah Zarah
Mishnah Avodah Zarah,Tosefta Avodah Zarah
Mishnah Avodah Zarah,Tosefta Zavim
Mishnah Avodah Zarah,Tosefta Avodah Zarah
Mishnah Avodah Zarah,Tosefta Orlah
Mishnah Avodah Zarah,Tosefta Avodah Zarah
Mishnah Avodah Zarah,Tosefta Temurah
Mishnah Avodah Zarah,Tosefta Avodah Zarah
Mishnah Avodah Zarah,Tosefta Avodah Zarah
Mishnah Avodah Zarah,Tosefta Uktsin
Mishnah Bava Batra,Tosefta Bava Batra
Mishnah Bava Batra,Tosefta Bava Metzia
Mishnah Bava Batra,Tosefta Bava Metzia
Mishnah Bava Batra,Tosefta Bava Batra
Mishnah Bava Batra,Tosefta Bava Batra
Mishnah Bava Batra,Tosefta Bava Batra
Mishnah Bava Batra,Tosefta Bava Batra
Mishnah Bava Batra,Tosefta Bava Batra
Mishnah Bava Batra,Tosefta Bava Batra
Mishnah Bava Batra,Tosefta Bava Batra
Mishnah Bava Batra,Tosefta Bava Batra
Mishnah Bava Batra,Tosefta Bava Batra
Mishnah Bava Batra,Tosefta Bava Batra
Mishnah Bava Batra,Tosefta Bava Batra
Mishnah Bava Batra,Tosefta Bava Batra
Mishnah Bava Batra,Tosefta Bava Kamma
Mishnah Bava Batra,Tosefta Bava Batra
Mishnah Bava Batra,Tosefta Bava Batra
Mishnah Bava Batra,Tosefta Bava Batra
Mishnah Bava Batra,Tosefta Bava Batra
Mishnah Bava Batra,Tosefta Bava Batra
Mishnah Bava Batra,Tosefta Bava Batra
Mishnah Bava Batra,Tosefta Bava Batra
Mishnah Bava Batra,Tosefta Bava Batra
Mishnah Bava Batra,Tosefta Bava Batra
Mishnah Bava Batra,Tosefta Bava Batra
Mishnah Bava Batra,Tosefta Bava Batra
Mishnah Bava Batra,Tosefta Bava Batra
Mishnah Bava Batra,Tosefta Bava Batra
Mishnah Bava Batra,Tosefta Bava Batra
Mishnah Bava Batra,Tosefta Bava Batra
Mishnah Bava Batra,Tosefta Bava Batra
Mishnah Bava Batra,Tosefta Bava Batra
Mishnah Bava Batra,Tosefta Bava Metzia
Mishnah Bava Batra,Tosefta Bava Batra
Mishnah Bava Batra,Tosefta Bava Batra
Mishnah Bava Batra,Tosefta Bava Batra
Mishnah Bava Batra,Tosefta Arakhin
Mishnah Bava Batra,Tosefta Bava Batra
Mishnah Bava Batra,Tosefta Bava Batra
Mishnah Bava Batra,Tosefta Bekhorot
Mishnah Bava Batra,Tosefta Bekhorot
Mishnah Bava Batra,Tosefta Bava Batra
Mishnah Bava Batra,Tosefta Ketubot
Mishnah Bava Batra,Tosefta Bava Batra
Mishnah Bava Batra,Tosefta Bava Batra
Mishnah Bava Batra,Tosefta Bava Batra
Mishnah Bava Batra,Tosefta Bava Batra
Mishnah Bava Kamma,Tosefta Bava Kamma
Mishnah Bava Kamma,Tosefta Bava Kamma
Mishnah Bava Kamma,Tosefta Bava Metzia
Mishnah Bava Kamma,Tosefta Ketubot
Mishnah Bava Kamma,Tosefta Bava Kamma
Mishnah Bava Kamma,Tosefta Bava Kamma
Mishnah Bava Kamma,Tosefta Bava Kamma
Mishnah Bava Kamma,Tosefta Bava Kamma
Mishnah Bava Kamma,Tosefta Bava Kamma
Mishnah Bava Kamma,Tosefta Bava Kamma
Mishnah Bava Kamma,Tosefta Bava Kamma
Mishnah Bava Kamma,Tosefta Bava Kamma
Mishnah Bava Kamma,Tosefta Bava Kamma
Mishnah Bava Kamma,Tosefta Bava Kamma
Mishnah Bava Kamma,Tosefta Bava Kamma
Mishnah Bava Kamma,Tosefta Bava Kamma
Mishnah Bava Kamma,Tosefta Bava Kamma
Mishnah Bava Kamma,Tosefta Bava Kamma
Mishnah Bava Kamma,Tosefta Sanhedrin
Mishnah Bava Kamma,Tosefta Bava Kamma
Mishnah Bava Kamma,Tosefta Bava Kamma
Mishnah Bava Kamma,Tosefta Bava Kamma
Mishnah Bava Kamma,Tosefta Bava Kamma
Mishnah Bava Kamma,Tosefta Bava Kamma
Mishnah Bava Kamma,Tosefta Bava Kamma
Mishnah Bava Kamma,Tosefta Bava Kamma
Mishnah Bava Kamma,Tosefta Bava Kamma
Mishnah Bava Kamma,Tosefta Bava Kamma
Mishnah Bava Kamma,Tosefta Bava Kamma
Mishnah Bava Kamma,Tosefta Bava Kamma
Mishnah Bava Kamma,Tosefta Bava Kamma
Mishnah Bava Kamma,Tosefta Bava Kamma
Mishnah Bava Kamma,Tosefta Bava Kamma
Mishnah Bava Kamma,Tosefta Bava Kamma
Mishnah Bava Kamma,Tosefta Bava Kamma
Mishnah Bava Kamma,Tosefta Ketubot
Mishnah Bava Kamma,Tosefta Bava Kamma
Mishnah Bava Kamma,Tosefta Bava Kamma
Mishnah Bava Kamma,Tosefta Bava Kamma
Mishnah Bava Kamma,Tosefta Bava Kamma
Mishnah Bava Metzia,Tosefta Bava Metzia
Mishnah Bava Metzia,Tosefta Bava Metzia
Mishnah Bava Metzia,Tosefta Bava Metzia
Mishnah Bava Metzia,Tosefta Meilah
Mishnah Bava Metzia,Tosefta Bava Kamma
Mishnah Bava Metzia,Tosefta Yevamot
Mishnah Bava Metzia,Tosefta Bava Metzia
Mishnah Bava Metzia,Tosefta Bava Metzia
Mishnah Bava Metzia,Tosefta Bava Metzia
Mishnah Bava Metzia,Tosefta Bava Metzia
Mishnah Bava Metzia,Tosefta Bava Metzia
Mishnah Bava Metzia,Tosefta Ma'aser Sheni
Mishnah Bava Metzia,Tosefta Bava Metzia
Mishnah Bava Metzia,Tosefta Bava Metzia
Mishnah Bava Metzia,Tosefta Bava Metzia
Mishnah Bava Metzia,Tosefta Bava Metzia
Mishnah Bava Metzia,Tosefta Bava Metzia
Mishnah Bava Metzia,Tosefta Bava Metzia
Mishnah Bava Metzia,Tosefta Bava Metzia
Mishnah Bava Metzia,Tosefta Bava Metzia
Mishnah Bava Metzia,Tosefta Bava Metzia
Mishnah Bava Metzia,Tosefta Bava Metzia
Mishnah Bava Metzia,Tosefta Bava Metzia
Mishnah Bava Metzia,Tosefta Shevuot
Mishnah Bava Metzia,Tosefta Bava Metzia
Mishnah Bava Metzia,Tosefta Bava Metzia
Mishnah Bava Metzia,Tosefta Bava Metzia
Mishnah Bava Metzia,Tosefta Ketubot
Mishnah Bava Metzia,Tosefta Bava Metzia
Mishnah Bava Metzia,Tosefta Bava Metzia
Mishnah Bava Metzia,Tosefta Bava Metzia
Mishnah Bava Metzia,Tosefta Bava Metzia
Mishnah Beitzah,Tosefta Beitsah
Mishnah Beitzah,Tosefta Beitsah
Mishnah Beitzah,Tosefta Beitsah
Mishnah Beitzah,Tosefta Shabbat
Mishnah Beitzah,Tosefta Beitsah
Mishnah Beitzah,Tosefta Beitsah
Mishnah Beitzah,Tosefta Beitsah
Mishnah Beitzah,Tosefta Beitsah
Mishnah Beitzah,Tosefta Beitsah
Mishnah Bekhorot,Tosefta Bekhorot
Mishnah Bekhorot,Tosefta Bekhorot
Mishnah Bekhorot,Tosefta Bekhorot
Mishnah Bekhorot,Tosefta Bekhorot
Mishnah Bekhorot,Tosefta Bekhorot
Mishnah Bekhorot,Tosefta Bekhorot
Mishnah Bekhorot,Tosefta Bekhorot
Mishnah Bekhorot,Tosefta Bekhorot
Mishnah Bekhorot,Tosefta Bekhorot
Mishnah Bekhorot,Tosefta Bekhorot
Mishnah Bekhorot,Tosefta Chullin
Mishnah Bekhorot,Tosefta Bekhorot
Mishnah Bekhorot,Tosefta Bekhorot
Mishnah Bekhorot,Tosefta Bekhorot
Mishnah Bekhorot,Tosefta Bekhorot
Mishnah Bekhorot,Tosefta Bekhorot
Mishnah Bekhorot,Tosefta Bekhorot
Mishnah Bekhorot,Tosefta Bekhorot
Mishnah Bekhorot,Tosefta Bekhorot
Mishnah Bekhorot,Tosefta Bekhorot
Mishnah Bekhorot,Tosefta Bekhorot
Mishnah Bekhorot,Tosefta Bekhorot
Mishnah Bekhorot,Tosefta Sanhedrin
Mishnah Bekhorot,Tosefta Bekhorot
Mishnah Bekhorot,Tosefta Bekhorot
Mishnah Bekhorot,Tosefta Bekhorot
Mishnah Bekhorot,Tosefta Bekhorot
Mishnah Bekhorot,Tosefta Bekhorot
Mishnah Bekhorot,Tosefta Bekhorot
Mishnah Bekhorot,Tosefta Bekhorot
Mishnah Bekhorot,Tosefta Niddah
Mishnah Bekhorot,Tosefta Bekhorot
Mishnah Bekhorot,Tosefta Bekhorot
Mishnah Bekhorot,Tosefta Yevamot
Mishnah Bekhorot,Tosefta Bekhorot
Mishnah Bekhorot,Tosefta Bekhorot
Mishnah Bekhorot,Tosefta Bekhorot
Mishnah Bekhorot,Tosefta Bekhorot
Mishnah Bekhorot,Tosefta Bekhorot
Mishnah Bekhorot,Tosefta Bekhorot
Mishnah Bekhorot,Tosefta Bekhorot
Mishnah Bekhorot,Tosefta Bekhorot
Mishnah Bekhorot,Tosefta Bekhorot
Mishnah Bekhorot,Tosefta Bekhorot
Mishnah Bekhorot,Tosefta Bekhorot
Mishnah Bekhorot,Tosefta Bekhorot
Mishnah Bekhorot,Tosefta Bekhorot
Mishnah Bekhorot,Tosefta Bekhorot
Mishnah Bekhorot,Tosefta Bava Batra
Mishnah Bekhorot,Tosefta Bekhorot
Mishnah Bekhorot,Tosefta Bekhorot
Mishnah Berakhot,Tosefta Berakhot
Mishnah Berakhot,Tosefta Berakhot
Mishnah Berakhot,Tosefta Berakhot
Mishnah Berakhot,Tosefta Berakhot
Mishnah Berakhot,Tosefta Terumot
Mishnah Berakhot,Tosefta Berakhot
Mishnah Berakhot,Tosefta Berakhot
Mishnah Berakhot,Tosefta Berakhot
Mishnah Berakhot,Tosefta Berakhot
Mishnah Berakhot,Tosefta Berakhot
Mishnah Berakhot,Tosefta Berakhot
Mishnah Berakhot,Tosefta Berakhot
Mishnah Bikkurim,Tosefta Bikkurim
Mishnah Bikkurim,Tosefta Bikkurim
Mishnah Bikkurim,Tosefta Bikkurim
Mishnah Bikkurim,Tosefta Bikkurim
Mishnah Bikkurim,Tosefta Bikkurim
Mishnah Bikkurim,Tosefta Bikkurim
Mishnah Bikkurim,Tosefta Bikkurim
Mishnah Bikkurim,Tosefta Bikkurim
Mishnah Bikkurim,Tosefta Shekalim
Mishnah Bikkurim,Tosefta Bikkurim
Mishnah Bikkurim,Tosefta Bikkurim
Mishnah Bikkurim,Tosefta Bikkurim
Mishnah Bikkurim,Tosefta Bikkurim
Mishnah Bikkurim,Tosefta Bikkurim
Mishnah Bikkurim,Tosefta Bikkurim
Mishnah Bikkurim,Tosefta Bikkurim
Mishnah Bikkurim,Tosefta Bikkurim
Mishnah Bikkurim,Tosefta Bikkurim
Mishnah Bikkurim,Tosefta Bikkurim
Mishnah Bikkurim,Tosefta Bikkurim
Mishnah Bikkurim,Tosefta Bikkurim
Mishnah Bikkurim,Tosefta Bikkurim
Mishnah Bikkurim,Tosefta Bikkurim
Mishnah Bikkurim,Tosefta Bikkurim
Mishnah Bikkurim,Tosefta Bikkurim
Mishnah Bikkurim,Tosefta Sotah
Mishnah Bikkurim,Tosefta Bikkurim
Mishnah Bikkurim,Tosefta Bikkurim
Mishnah Bikkurim,Tosefta Bikkurim
Mishnah Bikkurim,Tosefta Bikkurim
Mishnah Chagigah,Tosefta Chagigah
Mishnah Chagigah,Tosefta Chagigah
Mishnah Chagigah,Tosefta Chagigah
Mishnah Chagigah,Tosefta Chagigah
Mishnah Chagigah,Tosefta Chagigah
Mishnah Chagigah,Tosefta Chagigah
Mishnah Chagigah,Tosefta Chagigah
Mishnah Chagigah,Tosefta Chagigah
Mishnah Chagigah,Tosefta Chagigah
Mishnah Chagigah,Tosefta Yevamot
Mishnah Chagigah,Tosefta Chagigah
Mishnah Chagigah,Tosefta Chagigah
Mishnah Chagigah,Tosefta Chagigah
Mishnah Chagigah,Tosefta Chagigah
Mishnah Chagigah,Tosefta Chagigah
Mishnah Challah,Tosefta Challah
Mishnah Challah,Tosefta Challah
Mishnah Challah,Tosefta Challah
Mishnah Challah,Tosefta Challah
Mishnah Challah,Tosefta Challah
Mishnah Challah,Tosefta Challah
Mishnah Challah,Tosefta Challah
Mishnah Challah,Tosefta Challah
Mishnah Challah,Tosefta Challah
Mishnah Challah,Tosefta Challah
Mishnah Challah,Tosefta Challah
Mishnah Challah,Tosefta Challah
Mishnah Challah,Tosefta Challah
Mishnah Challah,Tosefta Challah
Mishnah Challah,Tosefta Challah
Mishnah Challah,Tosefta Challah
Mishnah Challah,Tosefta Challah
Mishnah Challah,Tosefta Challah
Mishnah Challah,Tosefta Challah
Mishnah Challah,Tosefta Challah
Mishnah Challah,Tosefta Challah
Mishnah Challah,Tosefta Challah
Mishnah Chullin,Tosefta Chullin
Mishnah Chullin,Tosefta Bekhorot
Mishnah Chullin,Tosefta Chullin
Mishnah Chullin,Tosefta Chullin
Mishnah Chullin,Tosefta Chullin
Mishnah Chullin,Tosefta Chullin
Mishnah Chullin,Tosefta Chullin
Mishnah Chullin,Tosefta Chullin
Mishnah Chullin,Tosefta Chullin
Mishnah Chullin,Tosefta Sukkah
Mishnah Chullin,Tosefta Chullin
Mishnah Chullin,Tosefta Chullin
Mishnah Chullin,Tosefta Chullin
Mishnah Chullin,Tosefta Chullin
Mishnah Chullin,Tosefta Chullin
Mishnah Chullin,Tosefta Chullin
Mishnah Chullin,Tosefta Chullin
Mishnah Chullin,Tosefta Chullin
Mishnah Chullin,Tosefta Chullin
Mishnah Chullin,Tosefta Chullin
Mishnah Chullin,Tosefta Chullin
Mishnah Chullin,Tosefta Chullin
Mishnah Chullin,Tosefta Ohalot
Mishnah Chullin,Tosefta Uktsin
Mishnah Chullin,Tosefta Chullin
Mishnah Chullin,Tosefta Chullin
Mishnah Chullin,Tosefta Zevahim
Mishnah Chullin,Tosefta Chullin
Mishnah Chullin,Tosefta Makkot
Mishnah Chullin,Tosefta Chullin
Mishnah Chullin,Tosefta Chullin
Mishnah Chullin,Tosefta Nedarim
Mishnah Chullin,Tosefta Chullin
Mishnah Chullin,Tosefta Chullin
Mishnah Chullin,Tosefta Chullin
Mishnah Chullin,Tosefta Uktsin
Mishnah Chullin,Tosefta Chullin
Mishnah Demai,Tosefta Demai
Mishnah Demai,Tosefta Demai
Mishnah Demai,Tosefta Demai
Mishnah Demai,Tosefta Demai
Mishnah Demai,Tosefta Demai
Mishnah Demai,Tosefta Demai
Mishnah Demai,Tosefta Demai
Mishnah Demai,Tosefta Demai
Mishnah Demai,Tosefta Demai
Mishnah Demai,Tosefta Demai
Mishnah Demai,Tosefta Demai
Mishnah Demai,Tosefta Demai
Mishnah Demai,Tosefta Demai
Mishnah Demai,Tosefta Demai
Mishnah Demai,Tosefta Demai
Mishnah Demai,Tosefta Demai
Mishnah Demai,Tosefta Demai
Mishnah Demai,Tosefta Demai
Mishnah Demai,Tosefta Demai
Mishnah Demai,Tosefta Demai
Mishnah Demai,Tosefta Demai
Mishnah Demai,Tosefta Demai
Mishnah Demai,Tosefta Kilaim
Mishnah Demai,Tosefta Demai
Mishnah Demai,Tosefta Demai
Mishnah Demai,Tosefta Demai
Mishnah Demai,Tosefta Demai
Mishnah Demai,Tosefta Demai
Mishnah Demai,Tosefta Demai
Mishnah Demai,Tosefta Demai
Mishnah Demai,Tosefta Bava Kamma
Mishnah Demai,Tosefta Demai
Mishnah Demai,Tosefta Demai
Mishnah Demai,Tosefta Demai
Mishnah Demai,Tosefta Demai
Mishnah Demai,Tosefta Demai
Mishnah Demai,Tosefta Demai
Mishnah Demai,Tosefta Demai
Mishnah Demai,Tosefta Demai
Mishnah Demai,Tosefta Demai
Mishnah Demai,Tosefta Demai
Mishnah Demai,Tosefta Demai
Mishnah Demai,Tosefta Demai
Mishnah Demai,Tosefta Demai
Mishnah Demai,Tosefta Demai
Mishnah Demai,Tosefta Demai
Mishnah Demai,Tosefta Demai
Mishnah Demai,Tosefta Demai
Mishnah Demai,Tosefta Demai
Mishnah Demai,Tosefta Demai
Mishnah Demai,Tosefta Demai
Mishnah Demai,Tosefta Demai
Mishnah Demai,Tosefta Demai
Mishnah Demai,Tosefta Demai
Mishnah Demai,Tosefta Demai
Mishnah Demai,Tosefta Demai
Mishnah Eduyot,Tosefta Eduyot
Mishnah Eduyot,Tosefta Ohalot
Mishnah Eduyot,Tosefta Eduyot
Mishnah Eduyot,Tosefta Eduyot
Mishnah Eduyot,Tosefta Ma'aser Sheni
Mishnah Eduyot,Tosefta Peah
Mishnah Eduyot,Tosefta Eduyot
Mishnah Eduyot,Tosefta Eduyot
Mishnah Eduyot,Tosefta Tahorot
Mishnah Eduyot,Tosefta Eduyot
Mishnah Eduyot,Tosefta Eduyot
Mishnah Eduyot,Tosefta Terumot
Mishnah Eduyot,Tosefta Eduyot
Mishnah Eduyot,Tosefta Chullin
Mishnah Eduyot,Tosefta Keilim Batra
Mishnah Eduyot,Tosefta Eduyot
Mishnah Eduyot,Tosefta Tahorot
Mishnah Eduyot,Tosefta Eduyot
Mishnah Eduyot,Tosefta Nazir
Mishnah Eduyot,Tosefta Pesachim
Mishnah Eduyot,Tosefta Eduyot
Mishnah Eduyot,Tosefta Eduyot
Mishnah Eduyot,Tosefta Yevamot
Mishnah Eduyot,Tosefta Zavim
Mishnah Eduyot,Tosefta Eduyot
Mishnah Eduyot,Tosefta Ohalot
Mishnah Eduyot,Tosefta Megillah
Mishnah Eduyot,Tosefta Eduyot
Mishnah Eduyot,Tosefta Eduyot
Mishnah Eduyot,Tosefta Eduyot
Mishnah Eduyot,Tosefta Eduyot
Mishnah Eruvin,Tosefta Eiruvin
Mishnah Eruvin,Tosefta Kilaim
Mishnah Eruvin,Tosefta Shevi'it
Mishnah Eruvin,Tosefta Eiruvin
Mishnah Eruvin,Tosefta Eiruvin
Mishnah Eruvin,Tosefta Eiruvin
Mishnah Eruvin,Tosefta Eiruvin
Mishnah Eruvin,Tosefta Eiruvin
Mishnah Eruvin,Tosefta Eiruvin
Mishnah Eruvin,Tosefta Shabbat
Mishnah Eruvin,Tosefta Eiruvin
Mishnah Eruvin,Tosefta Eiruvin
Mishnah Eruvin,Tosefta Eiruvin
Mishnah Eruvin,Tosefta Eiruvin
Mishnah Eruvin,Tosefta Eiruvin
Mishnah Eruvin,Tosefta Eiruvin
Mishnah Eruvin,Tosefta Eiruvin
Mishnah Eruvin,Tosefta Eiruvin
Mishnah Eruvin,Tosefta Eiruvin
Mishnah Eruvin,Tosefta Eiruvin
Mishnah Eruvin,Tosefta Eiruvin
Mishnah Eruvin,Tosefta Eiruvin
Mishnah Eruvin,Tosefta Eiruvin
Mishnah Eruvin,Tosefta Eiruvin
Mishnah Eruvin,Tosefta Eiruvin
Mishnah Eruvin,Tosefta Eiruvin
Mishnah Eruvin,Tosefta Pesachim
Mishnah Eruvin,Tosefta Eiruvin
Mishnah Eruvin,Tosefta Shabbat
Mishnah Eruvin,Tosefta Eiruvin
Mishnah Eruvin,Tosefta Eiruvin
Mishnah Eruvin,Tosefta Eiruvin
Mishnah Eruvin,Tosefta Beitsah
Mishnah Eruvin,Tosefta Eiruvin
Mishnah Eruvin,Tosefta Eiruvin
Mishnah Eruvin,Tosefta Eiruvin
Mishnah Gittin,Tosefta Yevamot
Mishnah Gittin,Tosefta Gittin
Mishnah Gittin,Tosefta Gittin
Mishnah Gittin,Tosefta Gittin
Mishnah Gittin,Tosefta Shabbat
Mishnah Gittin,Tosefta Gittin
Mishnah Gittin,Tosefta Sanhedrin
Mishnah Gittin,Tosefta Gittin
Mishnah Gittin,Tosefta Gittin
Mishnah Gittin,Tosefta Gittin
Mishnah Gittin,Tosefta Gittin
Mishnah Gittin,Tosefta Gittin
Mishnah Gittin,Tosefta Gittin
Mishnah Gittin,Tosefta Gittin
Mishnah Gittin,Tosefta Gittin
Mishnah Gittin,Tosefta Ketubot
Mishnah Gittin,Tosefta Bava Batra
Mishnah Gittin,Tosefta Gittin
Mishnah Gittin,Tosefta Gittin
Mishnah Gittin,Tosefta Gittin
Mishnah Gittin,Tosefta Arakhin
Mishnah Gittin,Tosefta Gittin
Mishnah Gittin,Tosefta Gittin
Mishnah Gittin,Tosefta Gittin
Mishnah Gittin,Tosefta Arakhin
Mishnah Gittin,Tosefta Gittin
Mishnah Gittin,Tosefta Gittin
Mishnah Gittin,Tosefta Gittin
Mishnah Gittin,Tosefta Ma'aser Sheni
Mishnah Gittin,Tosefta Gittin
Mishnah Gittin,Tosefta Gittin
Mishnah Gittin,Tosefta Bava Kamma
Mishnah Gittin,Tosefta Gittin
Mishnah Gittin,Tosefta Gittin
Mishnah Gittin,Tosefta Gittin
Mishnah Gittin,Tosefta Gittin
Mishnah Gittin,Tosefta Gittin
Mishnah Gittin,Tosefta Gittin
Mishnah Gittin,Tosefta Gittin
Mishnah Gittin,Tosefta Gittin
Mishnah Gittin,Tosefta Gittin
Mishnah Horayot,Tosefta Horayot
Mishnah Horayot,Tosefta Horayot
Mishnah Horayot,Tosefta Horayot
Mishnah Horayot,Tosefta Horayot
Mishnah Horayot,Tosefta Horayot
Mishnah Horayot,Tosefta Horayot
Mishnah Horayot,Tosefta Megillah
Mishnah Horayot,Tosefta Horayot
Mishnah Horayot,Tosefta Zevahim
Mishnah Horayot,Tosefta Horayot
Mishnah Horayot,Tosefta Horayot
Mishnah Horayot,Tosefta Horayot
Mishnah Horayot,Tosefta Horayot
Mishnah Kelim,Tosefta Kelim Kamma
Mishnah Kelim,Tosefta Keilim Metsia
Mishnah Kelim,Tosefta Keilim Metsia
Mishnah Kelim,Tosefta Keilim Metsia
Mishnah Kelim,Tosefta Keilim Metsia
Mishnah Kelim,Tosefta Keilim Metsia
Mishnah Kelim,Tosefta Keilim Metsia
Mishnah Kelim,Tosefta Keilim Metsia
Mishnah Kelim,Tosefta Keilim Metsia
Mishnah Kelim,Tosefta Keilim Metsia
Mishnah Kelim,Tosefta Keilim Metsia
Mishnah Kelim,Tosefta Keilim Metsia
Mishnah Kelim,Tosefta Keilim Metsia
Mishnah Kelim,Tosefta Keilim Metsia
Mishnah Kelim,Tosefta Keilim Metsia
Mishnah Kelim,Tosefta Keilim Metsia
Mishnah Kelim,Tosefta Keilim Metsia
Mishnah Kelim,Tosefta Keilim Metsia
Mishnah Kelim,Tosefta Keilim Metsia
Mishnah Kelim,Tosefta Keilim Metsia
Mishnah Kelim,Tosefta Zavim
Mishnah Kelim,Tosefta Tahorot
Mishnah Kelim,Tosefta Tahorot
Mishnah Kelim,Tosefta Keilim Metsia
Mishnah Kelim,Tosefta Zavim
Mishnah Kelim,Tosefta Kelim Kamma
Mishnah Kelim,Tosefta Keilim Metsia
Mishnah Kelim,Tosefta Keilim Metsia
Mishnah Kelim,Tosefta Keilim Batra
Mishnah Kelim,Tosefta Keilim Batra
Mishnah Kelim,Tosefta Keilim Batra
Mishnah Kelim,Tosefta Keilim Batra
Mishnah Kelim,Tosefta Keilim Batra
Mishnah Kelim,Tosefta Keilim Batra
Mishnah Kelim,Tosefta Keilim Batra
Mishnah Kelim,Tosefta Keilim Batra
Mishnah Kelim,Tosefta Keilim Metsia
Mishnah Kelim,Tosefta Keilim Batra
Mishnah Kelim,Tosefta Keilim Batra
Mishnah Kelim,Tosefta Keilim Batra
Mishnah Kelim,Tosefta Keilim Batra
Mishnah Kelim,Tosefta Keilim Batra
Mishnah Kelim,Tosefta Keilim Batra
Mishnah Kelim,Tosefta Keilim Batra
Mishnah Kelim,Tosefta Keilim Batra
Mishnah Kelim,Tosefta Keilim Batra
Mishnah Kelim,Tosefta Keilim Batra
Mishnah Kelim,Tosefta Keilim Batra
Mishnah Kelim,Tosefta Keilim Batra
Mishnah Kelim,Tosefta Keilim Batra
Mishnah Kelim,Tosefta Keilim Batra
Mishnah Kelim,Tosefta Zavim
Mishnah Kelim,Tosefta Tahorot
Mishnah Kelim,Tosefta Tahorot
Mishnah Kelim,Tosefta Parah
Mishnah Kelim,Tosefta Keilim Batra
Mishnah Kelim,Tosefta Kelim Kamma
Mishnah Kelim,Tosefta Kelim Kamma
Mishnah Kelim,Tosefta Kelim Kamma
Mishnah Kelim,Tosefta Kelim Kamma
Mishnah Kelim,Tosefta Kelim Kamma
Mishnah Kelim,Tosefta Kelim Kamma
Mishnah Kelim,Tosefta Kelim Kamma
Mishnah Kelim,Tosefta Kelim Kamma
Mishnah Kelim,Tosefta Kelim Kamma
Mishnah Kelim,Tosefta Kelim Kamma
Mishnah Kelim,Tosefta Kelim Kamma
Mishnah Kelim,Tosefta Kelim Kamma
Mishnah Kelim,Tosefta Kelim Kamma
Mishnah Kelim,Tosefta Kelim Kamma
Mishnah Kelim,Tosefta Kelim Kamma
Mishnah Kelim,Tosefta Kelim Kamma
Mishnah Kelim,Tosefta Kelim Kamma
Mishnah Kelim,Tosefta Kelim Kamma
Mishnah Kelim,Tosefta Tahorot
Mishnah Keritot,Tosefta Niddah
Mishnah Keritot,Tosefta Keritot
Mishnah Keritot,Tosefta Horayot
Mishnah Keritot,Tosefta Keritot
Mishnah Keritot,Tosefta Keritot
Mishnah Keritot,Tosefta Keritot
Mishnah Keritot,Tosefta Keritot
Mishnah Keritot,Tosefta Ketubot
Mishnah Keritot,Tosefta Keritot
Mishnah Keritot,Tosefta Keritot
Mishnah Keritot,Tosefta Keritot
Mishnah Keritot,Tosefta Keritot
Mishnah Keritot,Tosefta Keritot
Mishnah Keritot,Tosefta Keritot
Mishnah Keritot,Tosefta Keritot
Mishnah Keritot,Tosefta Keritot
Mishnah Keritot,Tosefta Keritot
Mishnah Keritot,Tosefta Keritot
Mishnah Keritot,Tosefta Keritot
Mishnah Keritot,Tosefta Keritot
Mishnah Keritot,Tosefta Keritot
Mishnah Keritot,Tosefta Keritot
Mishnah Keritot,Tosefta Keritot
Mishnah Keritot,Tosefta Keritot
Mishnah Keritot,Tosefta Keritot
Mishnah Keritot,Tosefta Keritot
Mishnah Keritot,Tosefta Keritot
Mishnah Keritot,Tosefta Keritot
Mishnah Keritot,Tosefta Keritot
Mishnah Keritot,Tosefta Keritot
Mishnah Keritot,Tosefta Keritot
Mishnah Keritot,Tosefta Keritot
Mishnah Keritot,Tosefta Keritot
Mishnah Keritot,Tosefta Keritot
Mishnah Keritot,Tosefta Keritot
Mishnah Keritot,Tosefta Keritot
Mishnah Keritot,Tosefta Keritot
Mishnah Keritot,Tosefta Keritot
Mishnah Keritot,Tosefta Keritot
Mishnah Keritot,Tosefta Keritot
Mishnah Ketubot,Tosefta Ketubot
Mishnah Ketubot,Tosefta Ketubot
Mishnah Ketubot,Tosefta Ketubot
Mishnah Ketubot,Tosefta Ketubot
Mishnah Ketubot,Tosefta Ketubot
Mishnah Ketubot,Tosefta Ketubot
Mishnah Ketubot,Tosefta Ketubot
Mishnah Ketubot,Tosefta Ma'aser Sheni
Mishnah Ketubot,Tosefta Ketubot
Mishnah Ketubot,Tosefta Eduyot
Mishnah Ketubot,Tosefta Ketubot
Mishnah Ketubot,Tosefta Ketubot
Mishnah Ketubot,Tosefta Ketubot
Mishnah Ketubot,Tosefta Ketubot
Mishnah Ketubot,Tosefta Ketubot
Mishnah Ketubot,Tosefta Ketubot
Mishnah Ketubot,Tosefta Sotah
Mishnah Ketubot,Tosefta Ketubot
Mishnah Ketubot,Tosefta Ketubot
Mishnah Ketubot,Tosefta Ketubot
Mishnah Ketubot,Tosefta Ketubot
Mishnah Ketubot,Tosefta Avodah Zarah
Mishnah Ketubot,Tosefta Bava Kamma
Mishnah Ketubot,Tosefta Ketubot
Mishnah Ketubot,Tosefta Ketubot
Mishnah Ketubot,Tosefta Ketubot
Mishnah Ketubot,Tosefta Ketubot
Mishnah Ketubot,Tosefta Ketubot
Mishnah Ketubot,Tosefta Ketubot
Mishnah Ketubot,Tosefta Ketubot
Mishnah Ketubot,Tosefta Ketubot
Mishnah Ketubot,Tosefta Ketubot
Mishnah Ketubot,Tosefta Nazir
Mishnah Ketubot,Tosefta Gittin
Mishnah Ketubot,Tosefta Kiddushin
Mishnah Ketubot,Tosefta Ketubot
Mishnah Ketubot,Tosefta Ketubot
Mishnah Ketubot,Tosefta Ketubot
Mishnah Ketubot,Tosefta Ketubot
Mishnah Ketubot,Tosefta Ketubot
Mishnah Ketubot,Tosefta Ketubot
Mishnah Kiddushin,Tosefta Kiddushin
Mishnah Kiddushin,Tosefta Kiddushin
Mishnah Kiddushin,Tosefta Bava Batra
Mishnah Kiddushin,Tosefta Bava Batra
Mishnah Kiddushin,Tosefta Kiddushin
Mishnah Kiddushin,Tosefta Kiddushin
Mishnah Kiddushin,Tosefta Kiddushin
Mishnah Kiddushin,Tosefta Uktsin
Mishnah Kiddushin,Tosefta Kiddushin
Mishnah Kiddushin,Tosefta Kiddushin
Mishnah Kiddushin,Tosefta Kiddushin
Mishnah Kiddushin,Tosefta Kiddushin
Mishnah Kiddushin,Tosefta Kiddushin
Mishnah Kiddushin,Tosefta Kiddushin
Mishnah Kiddushin,Tosefta Kiddushin
Mishnah Kiddushin,Tosefta Kiddushin
Mishnah Kiddushin,Tosefta Kiddushin
Mishnah Kiddushin,Tosefta Kiddushin
Mishnah Kiddushin,Tosefta Kiddushin
Mishnah Kiddushin,Tosefta Kiddushin
Mishnah Kiddushin,Tosefta Kiddushin
Mishnah Kiddushin,Tosefta Kiddushin
Mishnah Kiddushin,Tosefta Kiddushin
Mishnah Kiddushin,Tosefta Kiddushin
Mishnah Kiddushin,Tosefta Kiddushin
Mishnah Kiddushin,Tosefta Kiddushin
Mishnah Kilayim,Tosefta Kilaim
Mishnah Kilayim,Tosefta Kilaim
Mishnah Kilayim,Tosefta Kilaim
Mishnah Kilayim,Tosefta Kilaim
Mishnah Kilayim,Tosefta Kilaim
Mishnah Kilayim,Tosefta Kilaim
Mishnah Kilayim,Tosefta Kilaim
Mishnah Kilayim,Tosefta Kilaim
Mishnah Kilayim,Tosefta Demai
Mishnah Kilayim,Tosefta Kilaim
Mishnah Kilayim,Tosefta Kilaim
Mishnah Kilayim,Tosefta Kilaim
Mishnah Kilayim,Tosefta Terumot
Mishnah Kilayim,Tosefta Kilaim
Mishnah Kilayim,Tosefta Kilaim
Mishnah Kilayim,Tosefta Kilaim
Mishnah Kilayim,Tosefta Kilaim
Mishnah Kilayim,Tosefta Kilaim
Mishnah Kilayim,Tosefta Kilaim
Mishnah Kilayim,Tosefta Kilaim
Mishnah Kilayim,Tosefta Kilaim
Mishnah Kilayim,Tosefta Kilaim
Mishnah Kilayim,Tosefta Kilaim
Mishnah Kilayim,Tosefta Kilaim
Mishnah Kilayim,Tosefta Kilaim
Mishnah Kilayim,Tosefta Eiruvin
Mishnah Kilayim,Tosefta Kilaim
Mishnah Kilayim,Tosefta Kilaim
Mishnah Kilayim,Tosefta Kilaim
Mishnah Kilayim,Tosefta Kilaim
Mishnah Kilayim,Tosefta Kilaim
Mishnah Kilayim,Tosefta Kilaim
Mishnah Kilayim,Tosefta Kilaim
Mishnah Kilayim,Tosefta Kilaim
Mishnah Kilayim,Tosefta Kilaim
Mishnah Kilayim,Tosefta Kilaim
Mishnah Kilayim,Tosefta Kilaim
Mishnah Kilayim,Tosefta Kilaim
Mishnah Kilayim,Tosefta Kilaim
Mishnah Kilayim,Tosefta Kilaim
Mishnah Kilayim,Tosefta Kilaim
Mishnah Kilayim,Tosefta Kilaim
Mishnah Kilayim,Tosefta Keilim Metsia
Mishnah Kilayim,Tosefta Kilaim
Mishnah Kilayim,Tosefta Kilaim
Mishnah Kilayim,Tosefta Kilaim
Mishnah Kilayim,Tosefta Kilaim
Mishnah Kilayim,Tosefta Kilaim
Mishnah Kilayim,Tosefta Kilaim
Mishnah Kilayim,Tosefta Kilaim
Mishnah Kilayim,Tosefta Kilaim
Mishnah Kilayim,Tosefta Kilaim
Mishnah Kilayim,Tosefta Kilaim
Mishnah Kilayim,Tosefta Kilaim
Mishnah Kilayim,Tosefta Kilaim
Mishnah Kilayim,Tosefta Kilaim
Mishnah Kilayim,Tosefta Kilaim
Mishnah Kilayim,Tosefta Kilaim
Mishnah Kilayim,Tosefta Kilaim
Mishnah Kilayim,Tosefta Kilaim
Mishnah Kilayim,Tosefta Kilaim
Mishnah Kilayim,Tosefta Kilaim
Mishnah Maaser Sheni,Tosefta Ma'aser Sheni
Mishnah Maaser Sheni,Tosefta Ma'aser Sheni
Mishnah Maaser Sheni,Tosefta Ma'aser Sheni
Mishnah Maaser Sheni,Tosefta Ma'aser Sheni
Mishnah Maaser Sheni,Tosefta Ma'aser Sheni
Mishnah Maaser Sheni,Tosefta Ma'aser Sheni
Mishnah Maaser Sheni,Tosefta Ma'aser Sheni
Mishnah Maaser Sheni,Tosefta Ma'aser Sheni
Mishnah Maaser Sheni,Tosefta Shevi'it
Mishnah Maaser Sheni,Tosefta Terumot
Mishnah Maaser Sheni,Tosefta Terumot
Mishnah Maaser Sheni,Tosefta Ma'aser Sheni
Mishnah Maaser Sheni,Tosefta Ma'aser Sheni
Mishnah Maaser Sheni,Tosefta Ma'aser Sheni
Mishnah Maaser Sheni,Tosefta Ma'aser Sheni
Mishnah Maaser Sheni,Tosefta Ma'aser Sheni
Mishnah Maaser Sheni,Tosefta Ma'aser Sheni
Mishnah Maaser Sheni,Tosefta Ma'aser Sheni
Mishnah Maaser Sheni,Tosefta Ma'aser Sheni
Mishnah Maaser Sheni,Tosefta Ma'aser Sheni
Mishnah Maaser Sheni,Tosefta Shevi'it
Mishnah Maaser Sheni,Tosefta Ma'aser Sheni
Mishnah Maaser Sheni,Tosefta Ma'aser Sheni
Mishnah Maaser Sheni,Tosefta Ma'aser Sheni
Mishnah Maaser Sheni,Tosefta Ma'aser Sheni
Mishnah Maaser Sheni,Tosefta Ma'aser Sheni
Mishnah Maaser Sheni,Tosefta Arakhin
Mishnah Maaser Sheni,Tosefta Ma'aser Sheni
Mishnah Maaser Sheni,Tosefta Ma'aser Sheni
Mishnah Maaser Sheni,Tosefta Ma'aser Sheni
Mishnah Maaser Sheni,Tosefta Ma'aser Sheni
Mishnah Maaser Sheni,Tosefta Ma'aser Sheni
Mishnah Maaser Sheni,Tosefta Ma'aser Sheni
Mishnah Maaser Sheni,Tosefta Shekalim
Mishnah Maaser Sheni,Tosefta Ma'aser Sheni
Mishnah Maaser Sheni,Tosefta Demai
Mishnah Maaser Sheni,Tosefta Ma'aser Sheni
Mishnah Maaser Sheni,Tosefta Ma'aser Sheni
Mishnah Maaser Sheni,Tosefta Ma'aser Sheni
Mishnah Maaser Sheni,Tosefta Ma'aser Sheni
Mishnah Maaser Sheni,Tosefta Ma'aser Sheni
Mishnah Maaser Sheni,Tosefta Ma'aser Sheni
Mishnah Maaser Sheni,Tosefta Ma'aser Sheni
Mishnah Maaser Sheni,Tosefta Ma'aser Sheni
Mishnah Maaser Sheni,Tosefta Ma'aser Sheni
Mishnah Maaser Sheni,Tosefta Ma'aser Sheni
Mishnah Maaser Sheni,Tosefta Ma'aser Sheni
Mishnah Maaser Sheni,Tosefta Ma'aser Sheni
Mishnah Maaser Sheni,Tosefta Ma'aser Sheni
Mishnah Maaser Sheni,Tosefta Ma'aser Sheni
Mishnah Maaser Sheni,Tosefta Ma'aser Sheni
Mishnah Maaser Sheni,Tosefta Ma'aser Sheni
Mishnah Maaser Sheni,Tosefta Ma'aser Sheni
Mishnah Maaser Sheni,Tosefta Ma'aser Sheni
Mishnah Maaser Sheni,Tosefta Ma'aser Sheni
Mishnah Maasrot,Tosefta Ma'asrot
Mishnah Maasrot,Tosefta Ma'asrot
Mishnah Maasrot,Tosefta Ma'asrot
Mishnah Maasrot,Tosefta Ma'asrot
Mishnah Maasrot,Tosefta Ma'asrot
Mishnah Maasrot,Tosefta Ma'asrot
Mishnah Makhshirin,Tosefta Makhshirin
Mishnah Makhshirin,Tosefta Demai
Mishnah Makhshirin,Tosefta Keilim Metsia
Mishnah Makhshirin,Tosefta Keilim Metsia
Mishnah Makhshirin,Tosefta Keilim Metsia
Mishnah Makhshirin,Tosefta Keilim Metsia
Mishnah Makhshirin,Tosefta Makhshirin
Mishnah Makhshirin,Tosefta Makhshirin
Mishnah Makhshirin,Tosefta Makhshirin
Mishnah Makhshirin,Tosefta Makhshirin
Mishnah Makhshirin,Tosefta Makhshirin
Mishnah Makhshirin,Tosefta Makhshirin
Mishnah Makhshirin,Tosefta Makhshirin
Mishnah Makhshirin,Tosefta Makhshirin
Mishnah Makhshirin,Tosefta Makhshirin
Mishnah Makkot,Tosefta Makkot
Mishnah Makkot,Tosefta Makkot
Mishnah Makkot,Tosefta Sanhedrin
Mishnah Makkot,Tosefta Makkot
Mishnah Makkot,Tosefta Makkot
Mishnah Makkot,Tosefta Ketubot
Mishnah Makkot,Tosefta Terumot
Mishnah Makkot,Tosefta Chullin
Mishnah Makkot,Tosefta Makkot
Mishnah Makkot,Tosefta Berakhot
Mishnah Megillah,Tosefta Megillah
Mishnah Megillah,Tosefta Arakhin
Mishnah Megillah,Tosefta Megillah
Mishnah Megillah,Tosefta Megillah
Mishnah Megillah,Tosefta Megillah
Mishnah Megillah,Tosefta Nedarim
Mishnah Megillah,Tosefta Megillah
Mishnah Megillah,Tosefta Megillah
Mishnah Megillah,Tosefta Megillah
Mishnah Megillah,Tosefta Megillah
Mishnah Megillah,Tosefta Megillah
Mishnah Megillah,Tosefta Megillah
Mishnah Megillah,Tosefta Megillah
Mishnah Megillah,Tosefta Megillah
Mishnah Meilah,Tosefta Meilah
Mishnah Meilah,Tosefta Temurah
Mishnah Meilah,Tosefta Meilah
Mishnah Meilah,Tosefta Meilah
Mishnah Meilah,Tosefta Meilah
Mishnah Meilah,Tosefta Meilah
Mishnah Meilah,Tosefta Zevahim
Mishnah Meilah,Tosefta Zevahim
Mishnah Meilah,Tosefta Zevahim
Mishnah Meilah,Tosefta Meilah
Mishnah Meilah,Tosefta Zevahim
Mishnah Meilah,Tosefta Meilah
Mishnah Meilah,Tosefta Nazir
Mishnah Meilah,Tosefta Meilah
Mishnah Meilah,Tosefta Meilah
Mishnah Meilah,Tosefta Meilah
Mishnah Meilah,Tosefta Meilah
Mishnah Meilah,Tosefta Meilah
Mishnah Meilah,Tosefta Meilah
Mishnah Meilah,Tosefta Meilah
Mishnah Meilah,Tosefta Meilah
Mishnah Meilah,Tosefta Meilah
Mishnah Meilah,Tosefta Meilah
Mishnah Meilah,Tosefta Meilah
Mishnah Meilah,Tosefta Meilah
Mishnah Menachot,Tosefta Menahot
Mishnah Menachot,Tosefta Menahot
Mishnah Menachot,Tosefta Menahot
Mishnah Menachot,Tosefta Menahot
Mishnah Menachot,Tosefta Menahot
Mishnah Menachot,Tosefta Pesachim
Mishnah Menachot,Tosefta Menahot
Mishnah Menachot,Tosefta Menahot
Mishnah Menachot,Tosefta Menahot
Mishnah Menachot,Tosefta Menahot
Mishnah Menachot,Tosefta Menahot
Mishnah Menachot,Tosefta Menahot
Mishnah Menachot,Tosefta Negaim
Mishnah Menachot,Tosefta Sanhedrin
Mishnah Menachot,Tosefta Zevahim
Mishnah Menachot,Tosefta Zevahim
Mishnah Menachot,Tosefta Zevahim
Mishnah Menachot,Tosefta Menahot
Mishnah Menachot,Tosefta Menahot
Mishnah Menachot,Tosefta Menahot
Mishnah Menachot,Tosefta Menahot
Mishnah Menachot,Tosefta Zevahim
Mishnah Menachot,Tosefta Menahot
Mishnah Menachot,Tosefta Menahot
Mishnah Menachot,Tosefta Menahot
Mishnah Menachot,Tosefta Menahot
Mishnah Menachot,Tosefta Menahot
Mishnah Menachot,Tosefta Menahot
Mishnah Menachot,Tosefta Zevahim
Mishnah Menachot,Tosefta Zevahim
Mishnah Menachot,Tosefta Menahot
Mishnah Menachot,Tosefta Menahot
Mishnah Menachot,Tosefta Menahot
Mishnah Menachot,Tosefta Zevahim
Mishnah Menachot,Tosefta Zevahim
Mishnah Menachot,Tosefta Zevahim
Mishnah Menachot,Tosefta Zevahim
Mishnah Menachot,Tosefta Menahot
Mishnah Menachot,Tosefta Zevahim
Mishnah Menachot,Tosefta Menahot
Mishnah Menachot,Tosefta Menahot
Mishnah Menachot,Tosefta Zevahim
Mishnah Menachot,Tosefta Menahot
Mishnah Menachot,Tosefta Menahot
Mishnah Menachot,Tosefta Zevahim
Mishnah Menachot,Tosefta Zevahim
Mishnah Menachot,Tosefta Menahot
Mishnah Menachot,Tosefta Menahot
Mishnah Menachot,Tosefta Menahot
Mishnah Menachot,Tosefta Menahot
Mishnah Menachot,Tosefta Zevahim
Mishnah Menachot,Tosefta Menahot
Mishnah Menachot,Tosefta Menahot
Mishnah Menachot,Tosefta Menahot
Mishnah Menachot,Tosefta Menahot
Mishnah Menachot,Tosefta Menahot
Mishnah Menachot,Tosefta Menahot
Mishnah Menachot,Tosefta Menahot
Mishnah Menachot,Tosefta Menahot
Mishnah Menachot,Tosefta Menahot
Mishnah Menachot,Tosefta Menahot
Mishnah Menachot,Tosefta Menahot
Mishnah Menachot,Tosefta Menahot
Mishnah Menachot,Tosefta Menahot
Mishnah Menachot,Tosefta Menahot
Mishnah Menachot,Tosefta Menahot
Mishnah Menachot,Tosefta Menahot
Mishnah Menachot,Tosefta Menahot
Mishnah Menachot,Tosefta Menahot
Mishnah Menachot,Tosefta Bava Metzia
Mishnah Menachot,Tosefta Menahot
Mishnah Menachot,Tosefta Menahot
Mishnah Menachot,Tosefta Menahot
Mishnah Menachot,Tosefta Pesachim
Mishnah Menachot,Tosefta Menahot
Mishnah Menachot,Tosefta Menahot
Mishnah Menachot,Tosefta Bava Batra
Mishnah Menachot,Tosefta Menahot
Mishnah Menachot,Tosefta Menahot
Mishnah Menachot,Tosefta Menahot
Mishnah Middot,Tosefta Yoma
Mishnah Middot,Tosefta Sukkah
Mishnah Middot,Tosefta Sanhedrin
Mishnah Middot,Tosefta Chagigah
Mishnah Mikvaot,Tosefta Mikvaot
Mishnah Mikvaot,Tosefta Mikvaot
Mishnah Mikvaot,Tosefta Mikvaot
Mishnah Mikvaot,Tosefta Mikvaot
Mishnah Mikvaot,Tosefta Mikvaot
Mishnah Mikvaot,Tosefta Mikvaot
Mishnah Mikvaot,Tosefta Mikvaot
Mishnah Mikvaot,Tosefta Tahorot
Mishnah Mikvaot,Tosefta Mikvaot
Mishnah Mikvaot,Tosefta Mikvaot
Mishnah Mikvaot,Tosefta Mikvaot
Mishnah Mikvaot,Tosefta Parah
Mishnah Mikvaot,Tosefta Yadayim
Mishnah Mikvaot,Tosefta Parah
Mishnah Mikvaot,Tosefta Mikvaot
Mishnah Mikvaot,Tosefta Mikvaot
Mishnah Mikvaot,Tosefta Mikvaot
Mishnah Mikvaot,Tosefta Berakhot
Mishnah Mikvaot,Tosefta Mikvaot
Mishnah Nazir,Tosefta Nazir
Mishnah Nazir,Tosefta Nazir
Mishnah Nazir,Tosefta Nazir
Mishnah Nazir,Tosefta Nazir
Mishnah Nazir,Tosefta Nazir
Mishnah Nazir,Tosefta Nazir
Mishnah Nazir,Tosefta Nazir
Mishnah Nazir,Tosefta Nazir
Mishnah Nazir,Tosefta Nazir
Mishnah Nazir,Tosefta Nazir
Mishnah Nazir,Tosefta Nazir
Mishnah Nazir,Tosefta Nazir
Mishnah Nazir,Tosefta Bekhorot
Mishnah Nazir,Tosefta Nazir
Mishnah Nazir,Tosefta Nazir
Mishnah Nazir,Tosefta Nazir
Mishnah Nazir,Tosefta Nazir
Mishnah Nazir,Tosefta Nazir
Mishnah Nazir,Tosefta Berakhot
Mishnah Nazir,Tosefta Nazir
Mishnah Nazir,Tosefta Avodah Zarah
Mishnah Nazir,Tosefta Ohalot
Mishnah Nazir,Tosefta Makkot
Mishnah Nazir,Tosefta Nazir
Mishnah Nazir,Tosefta Ohalot
Mishnah Nazir,Tosefta Nazir
Mishnah Nazir,Tosefta Nazir
Mishnah Nazir,Tosefta Nazir
Mishnah Nazir,Tosefta Nazir
Mishnah Nedarim,Tosefta Nedarim
Mishnah Nedarim,Tosefta Nedarim
Mishnah Nedarim,Tosefta Nedarim
Mishnah Nedarim,Tosefta Nedarim
Mishnah Nedarim,Tosefta Nedarim
Mishnah Nedarim,Tosefta Nedarim
Mishnah Nedarim,Tosefta Nedarim
Mishnah Nedarim,Tosefta Gittin
Mishnah Nedarim,Tosefta Nedarim
Mishnah Nedarim,Tosefta Megillah
Mishnah Nedarim,Tosefta Nedarim
Mishnah Nedarim,Tosefta Nedarim
Mishnah Nedarim,Tosefta Nedarim
Mishnah Nedarim,Tosefta Nedarim
Mishnah Nedarim,Tosefta Nedarim
Mishnah Nedarim,Tosefta Nedarim
Mishnah Nedarim,Tosefta Nedarim
Mishnah Nedarim,Tosefta Nedarim
Mishnah Nedarim,Tosefta Nedarim
Mishnah Nedarim,Tosefta Nedarim
Mishnah Nedarim,Tosefta Nedarim
Mishnah Nedarim,Tosefta Sotah
Mishnah Nedarim,Tosefta Nedarim
Mishnah Nedarim,Tosefta Nedarim
Mishnah Nedarim,Tosefta Nedarim
Mishnah Negaim,Tosefta Negaim
Mishnah Negaim,Tosefta Keilim Metsia
Mishnah Negaim,Tosefta Negaim
Mishnah Negaim,Tosefta Negaim
Mishnah Negaim,Tosefta Negaim
Mishnah Negaim,Tosefta Negaim
Mishnah Negaim,Tosefta Negaim
Mishnah Negaim,Tosefta Negaim
Mishnah Negaim,Tosefta Negaim
Mishnah Negaim,Tosefta Negaim
Mishnah Negaim,Tosefta Negaim
Mishnah Negaim,Tosefta Negaim
Mishnah Negaim,Tosefta Negaim
Mishnah Negaim,Tosefta Megillah
Mishnah Negaim,Tosefta Negaim
Mishnah Negaim,Tosefta Negaim
Mishnah Negaim,Tosefta Negaim
Mishnah Negaim,Tosefta Negaim
Mishnah Negaim,Tosefta Nazir
Mishnah Negaim,Tosefta Negaim
Mishnah Negaim,Tosefta Negaim
Mishnah Negaim,Tosefta Zevahim
Mishnah Negaim,Tosefta Negaim
Mishnah Negaim,Tosefta Negaim
Mishnah Negaim,Tosefta Negaim
Mishnah Negaim,Tosefta Negaim
Mishnah Negaim,Tosefta Negaim
Mishnah Negaim,Tosefta Negaim
Mishnah Negaim,Tosefta Negaim
Mishnah Negaim,Tosefta Arakhin
Mishnah Negaim,Tosefta Negaim
Mishnah Negaim,Tosefta Negaim
Mishnah Negaim,Tosefta Negaim
Mishnah Negaim,Tosefta Negaim
Mishnah Negaim,Tosefta Negaim
Mishnah Negaim,Tosefta Negaim
Mishnah Negaim,Tosefta Negaim
Mishnah Negaim,Tosefta Negaim
Mishnah Negaim,Tosefta Negaim
Mishnah Negaim,Tosefta Negaim
Mishnah Negaim,Tosefta Negaim
Mishnah Negaim,Tosefta Negaim
Mishnah Negaim,Tosefta Negaim
Mishnah Negaim,Tosefta Negaim
Mishnah Negaim,Tosefta Negaim
Mishnah Negaim,Tosefta Negaim
Mishnah Negaim,Tosefta Negaim
Mishnah Negaim,Tosefta Negaim
Mishnah Niddah,Tosefta Niddah
Mishnah Niddah,Tosefta Niddah
Mishnah Niddah,Tosefta Niddah
Mishnah Niddah,Tosefta Niddah
Mishnah Niddah,Tosefta Niddah
Mishnah Niddah,Tosefta Niddah
Mishnah Niddah,Tosefta Niddah
Mishnah Niddah,Tosefta Niddah
Mishnah Niddah,Tosefta Niddah
Mishnah Niddah,Tosefta Niddah
Mishnah Niddah,Tosefta Chagigah
Mishnah Niddah,Tosefta Niddah
Mishnah Niddah,Tosefta Niddah
Mishnah Niddah,Tosefta Niddah
Mishnah Niddah,Tosefta Niddah
Mishnah Niddah,Tosefta Niddah
Mishnah Niddah,Tosefta Niddah
Mishnah Niddah,Tosefta Niddah
Mishnah Niddah,Tosefta Niddah
Mishnah Oholot,Tosefta Ohalot
Mishnah Oholot,Tosefta Ohalot
Mishnah Oholot,Tosefta Ohalot
Mishnah Oholot,Tosefta Ohalot
Mishnah Oholot,Tosefta Ohalot
Mishnah Oholot,Tosefta Ohalot
Mishnah Oholot,Tosefta Ohalot
Mishnah Oholot,Tosefta Ohalot
Mishnah Oholot,Tosefta Ohalot
Mishnah Oholot,Tosefta Ohalot
Mishnah Oholot,Tosefta Ohalot
Mishnah Oholot,Tosefta Ohalot
Mishnah Oholot,Tosefta Ohalot
Mishnah Oholot,Tosefta Ohalot
Mishnah Oholot,Tosefta Ohalot
Mishnah Oholot,Tosefta Ohalot
Mishnah Oholot,Tosefta Ohalot
Mishnah Oholot,Tosefta Ohalot
Mishnah Oholot,Tosefta Ohalot
Mishnah Oholot,Tosefta Ohalot
Mishnah Oholot,Tosefta Ohalot
Mishnah Oholot,Tosefta Ohalot
Mishnah Oholot,Tosefta Ohalot
Mishnah Oholot,Tosefta Ohalot
Mishnah Oholot,Tosefta Ohalot
Mishnah Oholot,Tosefta Ohalot
Mishnah Oholot,Tosefta Ohalot
Mishnah Oholot,Tosefta Ohalot
Mishnah Oholot,Tosefta Ohalot
Mishnah Oholot,Tosefta Ohalot
Mishnah Oholot,Tosefta Ohalot
Mishnah Oholot,Tosefta Ohalot
Mishnah Oholot,Tosefta Ohalot
Mishnah Oholot,Tosefta Ohalot
Mishnah Oholot,Tosefta Ohalot
Mishnah Oholot,Tosefta Ohalot
Mishnah Oholot,Tosefta Ohalot
Mishnah Oholot,Tosefta Ohalot
Mishnah Oholot,Tosefta Ohalot
Mishnah Oholot,Tosefta Ohalot
Mishnah Oholot,Tosefta Ohalot
Mishnah Oholot,Tosefta Ohalot
Mishnah Oholot,Tosefta Ohalot
Mishnah Oholot,Tosefta Ohalot
Mishnah Oholot,Tosefta Ohalot
Mishnah Oholot,Tosefta Ohalot
Mishnah Oholot,Tosefta Ohalot
Mishnah Oholot,Tosefta Kiddushin
Mishnah Oholot,Tosefta Keilim Metsia
Mishnah Oholot,Tosefta Ohalot
Mishnah Oholot,Tosefta Ohalot
Mishnah Oholot,Tosefta Ohalot
Mishnah Oholot,Tosefta Eduyot
Mishnah Oholot,Tosefta Ohalot
Mishnah Oholot,Tosefta Ohalot
Mishnah Oholot,Tosefta Ohalot
Mishnah Oholot,Tosefta Ohalot
Mishnah Oholot,Tosefta Ohalot
Mishnah Oholot,Tosefta Ohalot
Mishnah Oholot,Tosefta Ohalot
Mishnah Oholot,Tosefta Ohalot
Mishnah Oholot,Tosefta Ohalot
Mishnah Oholot,Tosefta Ohalot
Mishnah Oholot,Tosefta Ohalot
Mishnah Oholot,Tosefta Ohalot
Mishnah Oholot,Tosefta Ohalot
Mishnah Oholot,Tosefta Ohalot
Mishnah Oholot,Tosefta Ohalot
Mishnah Oholot,Tosefta Ohalot
Mishnah Oholot,Tosefta Ohalot
Mishnah Oholot,Tosefta Ohalot
Mishnah Oholot,Tosefta Ohalot
Mishnah Oholot,Tosefta Ohalot
Mishnah Oholot,Tosefta Ohalot
Mishnah Oholot,Tosefta Ohalot
Mishnah Oholot,Tosefta Ohalot
Mishnah Oholot,Tosefta Ohalot
Mishnah Oholot,Tosefta Ohalot
Mishnah Oholot,Tosefta Ohalot
Mishnah Oholot,Tosefta Ohalot
Mishnah Oholot,Tosefta Ohalot
Mishnah Oholot,Tosefta Ohalot
Mishnah Oholot,Tosefta Ohalot
Mishnah Oholot,Tosefta Ohalot
Mishnah Oholot,Tosefta Ohalot
Mishnah Oholot,Tosefta Ohalot
Mishnah Oholot,Tosefta Ohalot
Mishnah Oholot,Tosefta Ohalot
Mishnah Oholot,Tosefta Ohalot
Mishnah Oholot,Tosefta Ohalot
Mishnah Oholot,Tosefta Ohalot
Mishnah Oholot,Tosefta Ohalot
Mishnah Oholot,Tosefta Yevamot
Mishnah Oholot,Tosefta Keilim Metsia
Mishnah Oholot,Tosefta Ohalot
Mishnah Oholot,Tosefta Ohalot
Mishnah Oholot,Tosefta Ohalot
Mishnah Oholot,Tosefta Ohalot
Mishnah Oholot,Tosefta Ohalot
Mishnah Oholot,Tosefta Ohalot
Mishnah Oholot,Tosefta Ohalot
Mishnah Oholot,Tosefta Ohalot
Mishnah Oholot,Tosefta Ohalot
Mishnah Oholot,Tosefta Ohalot
Mishnah Oholot,Tosefta Ohalot
Mishnah Oholot,Tosefta Ohalot
Mishnah Oholot,Tosefta Ohalot
Mishnah Oholot,Tosefta Ohalot
Mishnah Oholot,Tosefta Ohalot
Mishnah Oholot,Tosefta Ohalot
Mishnah Oholot,Tosefta Ohalot
Mishnah Oholot,Tosefta Ohalot
Mishnah Oholot,Tosefta Ohalot
Mishnah Oholot,Tosefta Ohalot
Mishnah Oholot,Tosefta Ohalot
Mishnah Oholot,Tosefta Ohalot
Mishnah Oholot,Tosefta Ohalot
Mishnah Oholot,Tosefta Ohalot
Mishnah Oholot,Tosefta Ohalot
Mishnah Oholot,Tosefta Ohalot
Mishnah Oholot,Tosefta Ohalot
Mishnah Oholot,Tosefta Ohalot
Mishnah Oholot,Tosefta Ohalot
Mishnah Oholot,Tosefta Ohalot
Mishnah Oholot,Tosefta Ohalot
Mishnah Oholot,Tosefta Ohalot
Mishnah Oholot,Tosefta Ohalot
Mishnah Oholot,Tosefta Ohalot
Mishnah Oholot,Tosefta Ohalot
Mishnah Oholot,Tosefta Ohalot
Mishnah Oholot,Tosefta Ohalot
Mishnah Oktzin,Tosefta Uktsin
Mishnah Oktzin,Tosefta Uktsin
Mishnah Oktzin,Tosefta Shevi'it
Mishnah Oktzin,Tosefta Ma'aser Sheni
Mishnah Oktzin,Tosefta Uktsin
Mishnah Orlah,Tosefta Orlah
Mishnah Orlah,Tosefta Orlah
Mishnah Orlah,Tosefta Orlah
Mishnah Orlah,Tosefta Orlah
Mishnah Orlah,Tosefta Orlah
Mishnah Orlah,Tosefta Orlah
Mishnah Orlah,Tosefta Orlah
Mishnah Orlah,Tosefta Terumot
Mishnah Orlah,Tosefta Terumot
Mishnah Orlah,Tosefta Terumot
Mishnah Orlah,Tosefta Terumot
Mishnah Orlah,Tosefta Orlah
Mishnah Parah,Tosefta Parah
Mishnah Parah,Tosefta Parah
Mishnah Parah,Tosefta Parah
Mishnah Parah,Tosefta Parah
Mishnah Parah,Tosefta Parah
Mishnah Parah,Tosefta Parah
Mishnah Parah,Tosefta Parah
Mishnah Parah,Tosefta Parah
Mishnah Parah,Tosefta Parah
Mishnah Parah,Tosefta Parah
Mishnah Parah,Tosefta Parah
Mishnah Parah,Tosefta Menahot
Mishnah Parah,Tosefta Parah
Mishnah Parah,Tosefta Parah
Mishnah Parah,Tosefta Parah
Mishnah Parah,Tosefta Parah
Mishnah Parah,Tosefta Parah
Mishnah Parah,Tosefta Parah
Mishnah Parah,Tosefta Zevahim
Mishnah Parah,Tosefta Parah
Mishnah Parah,Tosefta Parah
Mishnah Parah,Tosefta Parah
Mishnah Parah,Tosefta Parah
Mishnah Parah,Tosefta Kelim Kamma
Mishnah Parah,Tosefta Yadayim
Mishnah Parah,Tosefta Parah
Mishnah Parah,Tosefta Parah
Mishnah Parah,Tosefta Bava Kamma
Mishnah Parah,Tosefta Parah
Mishnah Parah,Tosefta Parah
Mishnah Parah,Tosefta Parah
Mishnah Parah,Tosefta Parah
Mishnah Parah,Tosefta Parah
Mishnah Parah,Tosefta Parah
Mishnah Parah,Tosefta Parah
Mishnah Parah,Tosefta Parah
Mishnah Peah,Tosefta Peah
Mishnah Peah,Tosefta Peah
Mishnah Peah,Tosefta Peah
Mishnah Peah,Tosefta Peah
Mishnah Peah,Tosefta Peah
Mishnah Peah,Tosefta Peah
Mishnah Peah,Tosefta Peah
Mishnah Peah,Tosefta Peah
Mishnah Peah,Tosefta Peah
Mishnah Peah,Tosefta Peah
Mishnah Peah,Tosefta Peah
Mishnah Peah,Tosefta Peah
Mishnah Peah,Tosefta Peah
Mishnah Peah,Tosefta Peah
Mishnah Pesachim,Tosefta Pesachim
Mishnah Pesachim,Tosefta Berakhot
Mishnah Pesachim,Tosefta Berakhot
Mishnah Pesachim,Tosefta Pesachim
Mishnah Pesachim,Tosefta Pesachim
Mishnah Pesachim,Tosefta Pesachim
Mishnah Pesachim,Tosefta Pesachim
Mishnah Pesachim,Tosefta Pesachim
Mishnah Pesachim,Tosefta Pesachim
Mishnah Pesachim,Tosefta Pesachim
Mishnah Pesachim,Tosefta Pesachim
Mishnah Pesachim,Tosefta Pesachim
Mishnah Pesachim,Tosefta Pesachim
Mishnah Pesachim,Tosefta Pesachim
Mishnah Pesachim,Tosefta Pesachim
Mishnah Pesachim,Tosefta Pesachim
Mishnah Pesachim,Tosefta Pesachim
Mishnah Pesachim,Tosefta Pesachim
Mishnah Pesachim,Tosefta Zevahim
Mishnah Pesachim,Tosefta Pesachim
Mishnah Pesachim,Tosefta Pesachim
Mishnah Pesachim,Tosefta Zevahim
Mishnah Pesachim,Tosefta Pesachim
Mishnah Pesachim,Tosefta Zevahim
Mishnah Pesachim,Tosefta Nazir
Mishnah Pesachim,Tosefta Pesachim
Mishnah Pesachim,Tosefta Pesachim
Mishnah Pesachim,Tosefta Pesachim
Mishnah Pesachim,Tosefta Pesachim
Mishnah Pesachim,Tosefta Pesachim
Mishnah Pesachim,Tosefta Pesachim
Mishnah Pesachim,Tosefta Temurah
Mishnah Pesachim,Tosefta Zevahim
Mishnah Pesachim,Tosefta Pesachim
Mishnah Rosh Hashanah,Tosefta Shabbat
Mishnah Rosh Hashanah,Tosefta Eiruvin
Mishnah Rosh Hashanah,Tosefta Rosh HaShanah
Mishnah Rosh Hashanah,Tosefta Rosh HaShanah
Mishnah Rosh Hashanah,Tosefta Rosh HaShanah
Mishnah Rosh Hashanah,Tosefta Rosh HaShanah
Mishnah Rosh Hashanah,Tosefta Rosh HaShanah
Mishnah Rosh Hashanah,Tosefta Eiruvin
Mishnah Rosh Hashanah,Tosefta Rosh HaShanah
Mishnah Rosh Hashanah,Tosefta Shabbat
Mishnah Rosh Hashanah,Tosefta Beitsah
Mishnah Rosh Hashanah,Tosefta Rosh HaShanah
Mishnah Sanhedrin,Tosefta Sanhedrin
Mishnah Sanhedrin,Tosefta Sanhedrin
Mishnah Sanhedrin,Tosefta Sanhedrin
Mishnah Sanhedrin,Tosefta Sanhedrin
Mishnah Sanhedrin,Tosefta Sotah
Mishnah Sanhedrin,Tosefta Sanhedrin
Mishnah Sanhedrin,Tosefta Chagigah
Mishnah Sanhedrin,Tosefta Sanhedrin
Mishnah Sanhedrin,Tosefta Sanhedrin
Mishnah Sanhedrin,Tosefta Sanhedrin
Mishnah Sanhedrin,Tosefta Sanhedrin
Mishnah Sanhedrin,Tosefta Sanhedrin
Mishnah Sanhedrin,Tosefta Sanhedrin
Mishnah Sanhedrin,Tosefta Sanhedrin
Mishnah Sanhedrin,Tosefta Sanhedrin
Mishnah Sanhedrin,Tosefta Sanhedrin
Mishnah Sanhedrin,Tosefta Sanhedrin
Mishnah Sanhedrin,Tosefta Sanhedrin
Mishnah Sanhedrin,Tosefta Sanhedrin
Mishnah Sanhedrin,Tosefta Sanhedrin
Mishnah Sanhedrin,Tosefta Sanhedrin
Mishnah Sanhedrin,Tosefta Sanhedrin
Mishnah Sanhedrin,Tosefta Sanhedrin
Mishnah Sanhedrin,Tosefta Sanhedrin
Mishnah Sanhedrin,Tosefta Sanhedrin
Mishnah Sanhedrin,Tosefta Rosh HaShanah
Mishnah Sanhedrin,Tosefta Sanhedrin
Mishnah Sanhedrin,Tosefta Sanhedrin
Mishnah Sanhedrin,Tosefta Sanhedrin
Mishnah Sanhedrin,Tosefta Sanhedrin
Mishnah Sanhedrin,Tosefta Sanhedrin
Mishnah Sanhedrin,Tosefta Sanhedrin
Mishnah Sanhedrin,Tosefta Sanhedrin
Mishnah Sanhedrin,Tosefta Sanhedrin
Mishnah Sanhedrin,Tosefta Sanhedrin
Mishnah Sanhedrin,Tosefta Sanhedrin
Mishnah Sanhedrin,Tosefta Sanhedrin
Mishnah Sanhedrin,Tosefta Sanhedrin
Mishnah Sanhedrin,Tosefta Terumot
Mishnah Sanhedrin,Tosefta Sanhedrin
Mishnah Sanhedrin,Tosefta Sanhedrin
Mishnah Sanhedrin,Tosefta Bava Kamma
Mishnah Shabbat,Tosefta Shabbat
Mishnah Shabbat,Tosefta Shabbat
Mishnah Shabbat,Tosefta Shabbat
Mishnah Shabbat,Tosefta Shabbat
Mishnah Shabbat,Tosefta Shabbat
Mishnah Shabbat,Tosefta Shabbat
Mishnah Shabbat,Tosefta Beitsah
Mishnah Shabbat,Tosefta Shabbat
Mishnah Shabbat,Tosefta Shabbat
Mishnah Shabbat,Tosefta Shabbat
Mishnah Shabbat,Tosefta Shabbat
Mishnah Shabbat,Tosefta Terumot
Mishnah Shabbat,Tosefta Shabbat
Mishnah Shabbat,Tosefta Pesachim
Mishnah Shabbat,Tosefta Shabbat
Mishnah Shabbat,Tosefta Shabbat
Mishnah Shabbat,Tosefta Shabbat
Mishnah Shabbat,Tosefta Shabbat
Mishnah Shabbat,Tosefta Shabbat
Mishnah Shabbat,Tosefta Shabbat
Mishnah Shabbat,Tosefta Shabbat
Mishnah Shabbat,Tosefta Shabbat
Mishnah Shabbat,Tosefta Shabbat
Mishnah Shabbat,Tosefta Shabbat
Mishnah Shabbat,Tosefta Shabbat
Mishnah Shabbat,Tosefta Berakhot
Mishnah Shabbat,Tosefta Berakhot
Mishnah Shabbat,Tosefta Meilah
Mishnah Shabbat,Tosefta Shabbat
Mishnah Shabbat,Tosefta Shabbat
Mishnah Shabbat,Tosefta Shabbat
Mishnah Shabbat,Tosefta Zavim
Mishnah Shabbat,Tosefta Kilaim
Mishnah Shekalim,Tosefta Shekalim
Mishnah Shekalim,Tosefta Shekalim
Mishnah Shekalim,Tosefta Shekalim
Mishnah Shekalim,Tosefta Shekalim
Mishnah Shekalim,Tosefta Rosh HaShanah
Mishnah Shekalim,Tosefta Shekalim
Mishnah Shekalim,Tosefta Meilah
Mishnah Shekalim,Tosefta Shekalim
Mishnah Shekalim,Tosefta Meilah
Mishnah Shekalim,Tosefta Shekalim
Mishnah Shekalim,Tosefta Yevamot
Mishnah Shekalim,Tosefta Sukkah
Mishnah Shekalim,Tosefta Shekalim
Mishnah Shekalim,Tosefta Shekalim
Mishnah Shekalim,Tosefta Ma'aser Sheni
Mishnah Shekalim,Tosefta Shekalim
Mishnah Shekalim,Tosefta Shekalim
Mishnah Sheviit,Tosefta Sotah
Mishnah Sheviit,Tosefta Shevi'it
Mishnah Sheviit,Tosefta Shevi'it
Mishnah Sheviit,Tosefta Makkot
Mishnah Sheviit,Tosefta Shevi'it
Mishnah Sheviit,Tosefta Shevi'it
Mishnah Sheviit,Tosefta Peah
Mishnah Sheviit,Tosefta Shevi'it
Mishnah Sheviit,Tosefta Shevi'it
Mishnah Sheviit,Tosefta Shevi'it
Mishnah Sheviit,Tosefta Shevi'it
Mishnah Sheviit,Tosefta Shevi'it
Mishnah Sheviit,Tosefta Shevi'it
Mishnah Sheviit,Tosefta Shevi'it
Mishnah Sheviit,Tosefta Shevi'it
Mishnah Sheviit,Tosefta Shevi'it
Mishnah Sheviit,Tosefta Shevi'it
Mishnah Sheviit,Tosefta Shevi'it
Mishnah Sheviit,Tosefta Shevi'it
Mishnah Sheviit,Tosefta Shevi'it
Mishnah Sheviit,Tosefta Shevi'it
Mishnah Sheviit,Tosefta Shevi'it
Mishnah Sheviit,Tosefta Shevi'it
Mishnah Sheviit,Tosefta Bava Kamma
Mishnah Sheviit,Tosefta Shevi'it
Mishnah Sheviit,Tosefta Shevi'it
Mishnah Sheviit,Tosefta Shevi'it
Mishnah Sheviit,Tosefta Shevi'it
Mishnah Sheviit,Tosefta Shevi'it
Mishnah Sheviit,Tosefta Shevi'it
Mishnah Sheviit,Tosefta Shevi'it
Mishnah Sheviit,Tosefta Shevi'it
Mishnah Sheviit,Tosefta Shevi'it
Mishnah Sheviit,Tosefta Shevi'it
Mishnah Sheviit,Tosefta Peah
Mishnah Sheviit,Tosefta Peah
Mishnah Sheviit,Tosefta Shevi'it
Mishnah Sheviit,Tosefta Shevi'it
Mishnah Sheviit,Tosefta Shevi'it
Mishnah Sheviit,Tosefta Shevi'it
Mishnah Sheviit,Tosefta Shevi'it
Mishnah Sheviit,Tosefta Shevi'it
Mishnah Sheviit,Tosefta Shevi'it
Mishnah Sheviit,Tosefta Shevi'it
Mishnah Sheviit,Tosefta Shevi'it
Mishnah Sheviit,Tosefta Shevi'it
Mishnah Sheviit,Tosefta Shevi'it
Mishnah Sheviit,Tosefta Shevi'it
Mishnah Sheviit,Tosefta Shevi'it
Mishnah Sheviit,Tosefta Shevi'it
Mishnah Sheviit,Tosefta Shevi'it
Mishnah Sheviit,Tosefta Shevi'it
Mishnah Sheviit,Tosefta Shevi'it
Mishnah Sheviit,Tosefta Terumot
Mishnah Sheviit,Tosefta Terumot
Mishnah Sheviit,Tosefta Shevi'it
Mishnah Sheviit,Tosefta Terumot
Mishnah Sheviit,Tosefta Shevi'it
Mishnah Sheviit,Tosefta Shevi'it
Mishnah Sheviit,Tosefta Shevi'it
Mishnah Shevuot,Tosefta Shevuot
Mishnah Shevuot,Tosefta Shevuot
Mishnah Shevuot,Tosefta Sanhedrin
Mishnah Shevuot,Tosefta Shevuot
Mishnah Shevuot,Tosefta Shevuot
Mishnah Shevuot,Tosefta Shevuot
Mishnah Shevuot,Tosefta Shevuot
Mishnah Shevuot,Tosefta Shevuot
Mishnah Shevuot,Tosefta Shevuot
Mishnah Shevuot,Tosefta Shevuot
Mishnah Shevuot,Tosefta Shevuot
Mishnah Shevuot,Tosefta Shevuot
Mishnah Shevuot,Tosefta Shevuot
Mishnah Shevuot,Tosefta Bava Kamma
Mishnah Sotah,Tosefta Sotah
Mishnah Sotah,Tosefta Sotah
Mishnah Sotah,Tosefta Sotah
Mishnah Sotah,Tosefta Sotah
Mishnah Sotah,Tosefta Gittin
Mishnah Sotah,Tosefta Sotah
Mishnah Sotah,Tosefta Sotah
Mishnah Sotah,Tosefta Sotah
Mishnah Sotah,Tosefta Sotah
Mishnah Sotah,Tosefta Keilim Metsia
Mishnah Sotah,Tosefta Sotah
Mishnah Sotah,Tosefta Sotah
Mishnah Sotah,Tosefta Sotah
Mishnah Sotah,Tosefta Sotah
Mishnah Sotah,Tosefta Sotah
Mishnah Sotah,Tosefta Sotah
Mishnah Sotah,Tosefta Sotah
Mishnah Sotah,Tosefta Ma'aser Sheni
Mishnah Sotah,Tosefta Sotah
Mishnah Sotah,Tosefta Sotah
Mishnah Sotah,Tosefta Sotah
Mishnah Sotah,Tosefta Sotah
Mishnah Sukkah,Tosefta Parah
Mishnah Sukkah,Tosefta Sukkah
Mishnah Sukkah,Tosefta Sukkah
Mishnah Taanit,Tosefta Ta'anit
Mishnah Taanit,Tosefta Ta'anit
Mishnah Taanit,Tosefta Ta'anit
Mishnah Taanit,Tosefta Ta'anit
Mishnah Taanit,Tosefta Ta'anit
Mishnah Taanit,Tosefta Ta'anit
Mishnah Taanit,Tosefta Ta'anit
Mishnah Taanit,Tosefta Ta'anit
Mishnah Taanit,Tosefta Ta'anit
Mishnah Tahorot,Tosefta Tahorot
Mishnah Tahorot,Tosefta Tahorot
Mishnah Tahorot,Tosefta Tahorot
Mishnah Tahorot,Tosefta Uktsin
Mishnah Tahorot,Tosefta Tahorot
Mishnah Tahorot,Tosefta Zavim
Mishnah Tahorot,Tosefta Tahorot
Mishnah Tahorot,Tosefta Tahorot
Mishnah Tahorot,Tosefta Tahorot
Mishnah Tahorot,Tosefta Tahorot
Mishnah Tahorot,Tosefta Eduyot
Mishnah Tahorot,Tosefta Tahorot
Mishnah Tahorot,Tosefta Eduyot
Mishnah Tahorot,Tosefta Eduyot
Mishnah Tahorot,Tosefta Keilim Metsia
Mishnah Tahorot,Tosefta Tahorot
Mishnah Tahorot,Tosefta Tahorot
Mishnah Tahorot,Tosefta Tahorot
Mishnah Tahorot,Tosefta Sotah
Mishnah Tahorot,Tosefta Eduyot
Mishnah Tahorot,Tosefta Tahorot
Mishnah Tahorot,Tosefta Tahorot
Mishnah Tahorot,Tosefta Tahorot
Mishnah Tahorot,Tosefta Tahorot
Mishnah Tahorot,Tosefta Tahorot
Mishnah Tahorot,Tosefta Tahorot
Mishnah Tahorot,Tosefta Tahorot
Mishnah Tahorot,Tosefta Tahorot
Mishnah Tahorot,Tosefta Tevul Yom
Mishnah Tahorot,Tosefta Tahorot
Mishnah Tahorot,Tosefta Keilim Batra
Mishnah Tahorot,Tosefta Tahorot
Mishnah Tamid,Tosefta Yoma
Mishnah Tamid,Tosefta Zevahim
Mishnah Tamid,Tosefta Eiruvin
Mishnah Tamid,Tosefta Yoma
Mishnah Temurah,Tosefta Temurah
Mishnah Temurah,Tosefta Temurah
Mishnah Temurah,Tosefta Temurah
Mishnah Temurah,Tosefta Pesachim
Mishnah Temurah,Tosefta Temurah
Mishnah Temurah,Tosefta Pesachim
Mishnah Temurah,Tosefta Temurah
Mishnah Temurah,Tosefta Temurah
Mishnah Temurah,Tosefta Temurah
Mishnah Temurah,Tosefta Temurah
Mishnah Temurah,Tosefta Menahot
Mishnah Temurah,Tosefta Menahot
Mishnah Temurah,Tosefta Temurah
Mishnah Temurah,Tosefta Pesachim
Mishnah Temurah,Tosefta Shekalim
Mishnah Temurah,Tosefta Temurah
Mishnah Temurah,Tosefta Temurah
Mishnah Temurah,Tosefta Temurah
Mishnah Temurah,Tosefta Avodah Zarah
Mishnah Temurah,Tosefta Temurah
Mishnah Temurah,Tosefta Temurah
Mishnah Temurah,Tosefta Temurah
Mishnah Temurah,Tosefta Arakhin
Mishnah Temurah,Tosefta Uktsin
Mishnah Terumot,Tosefta Terumot
Mishnah Terumot,Tosefta Terumot
Mishnah Terumot,Tosefta Terumot
Mishnah Terumot,Tosefta Terumot
Mishnah Terumot,Tosefta Terumot
Mishnah Terumot,Tosefta Terumot
Mishnah Terumot,Tosefta Terumot
Mishnah Terumot,Tosefta Terumot
Mishnah Terumot,Tosefta Terumot
Mishnah Terumot,Tosefta Terumot
Mishnah Terumot,Tosefta Terumot
Mishnah Terumot,Tosefta Terumot
Mishnah Terumot,Tosefta Shabbat
Mishnah Terumot,Tosefta Terumot
Mishnah Terumot,Tosefta Terumot
Mishnah Terumot,Tosefta Terumot
Mishnah Terumot,Tosefta Terumot
Mishnah Terumot,Tosefta Terumot
Mishnah Terumot,Tosefta Terumot
Mishnah Terumot,Tosefta Terumot
Mishnah Terumot,Tosefta Terumot
Mishnah Terumot,Tosefta Terumot
Mishnah Terumot,Tosefta Terumot
Mishnah Terumot,Tosefta Terumot
Mishnah Terumot,Tosefta Terumot
Mishnah Terumot,Tosefta Terumot
Mishnah Terumot,Tosefta Terumot
Mishnah Terumot,Tosefta Terumot
Mishnah Terumot,Tosefta Terumot
Mishnah Terumot,Tosefta Terumot
Mishnah Terumot,Tosefta Terumot
Mishnah Terumot,Tosefta Terumot
Mishnah Terumot,Tosefta Terumot
Mishnah Terumot,Tosefta Terumot
Mishnah Terumot,Tosefta Terumot
Mishnah Terumot,Tosefta Terumot
Mishnah Terumot,Tosefta Terumot
Mishnah Terumot,Tosefta Terumot
Mishnah Terumot,Tosefta Terumot
Mishnah Terumot,Tosefta Terumot
Mishnah Terumot,Tosefta Terumot
Mishnah Terumot,Tosefta Terumot
Mishnah Terumot,Tosefta Terumot
Mishnah Terumot,Tosefta Terumot
Mishnah Terumot,Tosefta Terumot
Mishnah Terumot,Tosefta Terumot
Mishnah Terumot,Tosefta Terumot
Mishnah Terumot,Tosefta Terumot
Mishnah Terumot,Tosefta Terumot
Mishnah Terumot,Tosefta Terumot
Mishnah Terumot,Tosefta Terumot
Mishnah Terumot,Tosefta Terumot
Mishnah Terumot,Tosefta Terumot
Mishnah Terumot,Tosefta Terumot
Mishnah Terumot,Tosefta Terumot
Mishnah Terumot,Tosefta Terumot
Mishnah Terumot,Tosefta Terumot
Mishnah Tevul Yom,Tosefta Tevul Yom
Mishnah Tevul Yom,Tosefta Tevul Yom
Mishnah Tevul Yom,Tosefta Tevul Yom
Mishnah Tevul Yom,Tosefta Tevul Yom
Mishnah Tevul Yom,Tosefta Tevul Yom
Mishnah Tevul Yom,Tosefta Tevul Yom
Mishnah Tevul Yom,Tosefta Tevul Yom
Mishnah Tevul Yom,Tosefta Tevul Yom
Mishnah Tevul Yom,Tosefta Tevul Yom
Mishnah Tevul Yom,Tosefta Tevul Yom
Mishnah Tevul Yom,Tosefta Tevul Yom
Mishnah Tevul Yom,Tosefta Tevul Yom
Mishnah Tevul Yom,Tosefta Tevul Yom
Mishnah Tevul Yom,Tosefta Keilim Metsia
Mishnah Tevul Yom,Tosefta Tevul Yom
Mishnah Yadayim,Tosefta Yadayim
Mishnah Yadayim,Tosefta Yadayim
Mishnah Yadayim,Tosefta Sotah
Mishnah Yadayim,Tosefta Sotah
Mishnah Yadayim,Tosefta Ohalot
Mishnah Yadayim,Tosefta Yadayim
Mishnah Yadayim,Tosefta Yadayim
Mishnah Yadayim,Tosefta Tevul Yom
Mishnah Yadayim,Tosefta Yadayim
Mishnah Yadayim,Tosefta Zevahim
Mishnah Yadayim,Tosefta Yadayim
Mishnah Yadayim,Tosefta Yadayim
Mishnah Yevamot,Tosefta Yevamot
Mishnah Yevamot,Tosefta Yevamot
Mishnah Yevamot,Tosefta Niddah
Mishnah Yevamot,Tosefta Yevamot
Mishnah Yevamot,Tosefta Yevamot
Mishnah Yevamot,Tosefta Niddah
Mishnah Yevamot,Tosefta Niddah
Mishnah Yevamot,Tosefta Niddah
Mishnah Yevamot,Tosefta Yevamot
Mishnah Yevamot,Tosefta Yevamot
Mishnah Yevamot,Tosefta Ohalot
Mishnah Yevamot,Tosefta Yevamot
Mishnah Yevamot,Tosefta Yevamot
Mishnah Yevamot,Tosefta Yevamot
Mishnah Yevamot,Tosefta Yevamot
Mishnah Yevamot,Tosefta Yevamot
Mishnah Yevamot,Tosefta Yevamot
Mishnah Yevamot,Tosefta Yevamot
Mishnah Yevamot,Tosefta Yevamot
Mishnah Yevamot,Tosefta Yevamot
Mishnah Yevamot,Tosefta Yevamot
Mishnah Yevamot,Tosefta Ketubot
Mishnah Yevamot,Tosefta Yevamot
Mishnah Yevamot,Tosefta Yevamot
Mishnah Yevamot,Tosefta Yevamot
Mishnah Yevamot,Tosefta Eduyot
Mishnah Yevamot,Tosefta Eduyot
Mishnah Yevamot,Tosefta Yevamot
Mishnah Yevamot,Tosefta Yevamot
Mishnah Yevamot,Tosefta Yevamot
Mishnah Yevamot,Tosefta Yevamot
Mishnah Yevamot,Tosefta Yevamot
Mishnah Yevamot,Tosefta Yevamot
Mishnah Yevamot,Tosefta Yevamot
Mishnah Yevamot,Tosefta Yevamot
Mishnah Yevamot,Tosefta Yevamot
Mishnah Yevamot,Tosefta Yevamot
Mishnah Yevamot,Tosefta Yevamot
Mishnah Yevamot,Tosefta Yevamot
Mishnah Yevamot,Tosefta Gittin
Mishnah Yevamot,Tosefta Yevamot
Mishnah Yevamot,Tosefta Eduyot
Mishnah Yevamot,Tosefta Yevamot
Mishnah Yevamot,Tosefta Yevamot
Mishnah Yevamot,Tosefta Yevamot
Mishnah Yevamot,Tosefta Yevamot
Mishnah Yevamot,Tosefta Yevamot
Mishnah Yevamot,Tosefta Yevamot
Mishnah Yevamot,Tosefta Yevamot
Mishnah Yevamot,Tosefta Yevamot
Mishnah Yevamot,Tosefta Yevamot
Mishnah Yevamot,Tosefta Yevamot
Mishnah Yevamot,Tosefta Yevamot
Mishnah Yevamot,Tosefta Yevamot
Mishnah Yevamot,Tosefta Yevamot
Mishnah Yevamot,Tosefta Yevamot
Mishnah Yevamot,Tosefta Yevamot
Mishnah Yevamot,Tosefta Ketubot
Mishnah Yevamot,Tosefta Yevamot
Mishnah Yevamot,Tosefta Yevamot
Mishnah Yevamot,Tosefta Yevamot
Mishnah Yevamot,Tosefta Yevamot
Mishnah Yevamot,Tosefta Yevamot
Mishnah Yevamot,Tosefta Yevamot
Mishnah Yoma,Tosefta Yoma
Mishnah Yoma,Tosefta Yoma
Mishnah Yoma,Tosefta Yoma
Mishnah Yoma,Tosefta Yoma
Mishnah Yoma,Tosefta Yoma
Mishnah Yoma,Tosefta Yoma
Mishnah Yoma,Tosefta Yoma
Mishnah Yoma,Tosefta Yoma
Mishnah Yoma,Tosefta Yoma
Mishnah Yoma,Tosefta Yoma
Mishnah Yoma,Tosefta Yoma
Mishnah Yoma,Tosefta Yoma
Mishnah Yoma,Tosefta Yoma
Mishnah Yoma,Tosefta Yoma
Mishnah Yoma,Tosefta Yoma
Mishnah Yoma,Tosefta Zevahim
Mishnah Yoma,Tosefta Yoma
Mishnah Yoma,Tosefta Yoma
Mishnah Yoma,Tosefta Yoma
Mishnah Yoma,Tosefta Yoma
Mishnah Yoma,Tosefta Yoma
Mishnah Yoma,Tosefta Yoma
Mishnah Yoma,Tosefta Yoma
Mishnah Yoma,Tosefta Yoma
Mishnah Yoma,Tosefta Yoma
Mishnah Yoma,Tosefta Yoma
Mishnah Zavim,Tosefta Zavim
Mishnah Zavim,Tosefta Zavim
Mishnah Zavim,Tosefta Zavim
Mishnah Zavim,Tosefta Zavim
Mishnah Zavim,Tosefta Zavim
Mishnah Zavim,Tosefta Zavim
Mishnah Zavim,Tosefta Zavim
Mishnah Zavim,Tosefta Tahorot
Mishnah Zavim,Tosefta Mikvaot
Mishnah Zavim,Tosefta Tahorot
Mishnah Zavim,Tosefta Zavim
Mishnah Zavim,Tosefta Zavim
Mishnah Zavim,Tosefta Zavim
Mishnah Zavim,Tosefta Zavim
Mishnah Zavim,Tosefta Zavim
Mishnah Zevachim,Tosefta Parah
Mishnah Zevachim,Tosefta Zevahim
Mishnah Zevachim,Tosefta Zevahim
Mishnah Zevachim,Tosefta Zevahim
Mishnah Zevachim,Tosefta Zevahim
Mishnah Zevachim,Tosefta Zevahim
Mishnah Zevachim,Tosefta Zevahim
Mishnah Zevachim,Tosefta Zevahim
Mishnah Zevachim,Tosefta Zevahim
Mishnah Zevachim,Tosefta Zevahim
Mishnah Zevachim,Tosefta Zevahim
Mishnah Zevachim,Tosefta Zevahim
Mishnah Zevachim,Tosefta Meilah
Mishnah Zevachim,Tosefta Zevahim
Mishnah Zevachim,Tosefta Zevahim
Mishnah Zevachim,Tosefta Zevahim
Mishnah Zevachim,Tosefta Temurah
Mishnah Zevachim,Tosefta Pesachim
Mishnah Zevachim,Tosefta Makkot
Mishnah Zevachim,Tosefta Menahot
Mishnah Zevachim,Tosefta Zevahim
Mishnah Zevachim,Tosefta Zevahim
Mishnah Zevachim,Tosefta Zevahim
Mishnah Zevachim,Tosefta Zevahim
Mishnah Zevachim,Tosefta Pesachim
Mishnah Zevachim,Tosefta Zevahim
Mishnah Zevachim,Tosefta Sanhedrin
Mishnah Zevachim,Tosefta Zevahim
Mishnah Zevachim,Tosefta Zevahim
Mishnah Zevachim,Tosefta Menahot
Mishnah Zevachim,Tosefta Zevahim
Mishnah Zevachim,Tosefta Zevahim
Mishnah Zevachim,Tosefta Zevahim
Mishnah Zevachim,Tosefta Zevahim
Mishnah Zevachim,Tosefta Zevahim
Mishnah Zevachim,Tosefta Menahot
Mishnah Zevachim,Tosefta Zevahim
Mishnah Zevachim,Tosefta Menahot
Mishnah Zevachim,Tosefta Zevahim
Mishnah Zevachim,Tosefta Zevahim
Mishnah Zevachim,Tosefta Menahot
Mishnah Zevachim,Tosefta Zevahim
Mishnah Zevachim,Tosefta Zevahim
Mishnah Zevachim,Tosefta Menahot
Mishnah Zevachim,Tosefta Menahot
Mishnah Zevachim,Tosefta Zevahim
Mishnah Zevachim,Tosefta Zevahim
Mishnah Zevachim,Tosefta Zevahim
Mishnah Zevachim,Tosefta Menahot
Mishnah Zevachim,Tosefta Zevahim
Mishnah Zevachim,Tosefta Menahot
Mishnah Zevachim,Tosefta Zevahim
Mishnah Zevachim,Tosefta Menahot
Mishnah Zevachim,Tosefta Menahot
Mishnah Zevachim,Tosefta Zevahim
Mishnah Zevachim,Tosefta Zevahim
Mishnah Zevachim,Tosefta Menahot
Mishnah Zevachim,Tosefta Zevahim
Mishnah Zevachim,Tosefta Zevahim
Mishnah Zevachim,Tosefta Menahot
Mishnah Zevachim,Tosefta Menahot
Mishnah Zevachim,Tosefta Meilah
Mishnah Zevachim,Tosefta Zevahim
Mishnah Zevachim,Tosefta Zevahim
Mishnah Zevachim,Tosefta Menahot
Mishnah Zevachim,Tosefta Zevahim
Mishnah Zevachim,Tosefta Zevahim
Mishnah Zevachim,Tosefta Zevahim
Mishnah Zevachim,Tosefta Menahot
Mishnah Zevachim,Tosefta Pesachim
Mishnah Zevachim,Tosefta Meilah
Mishnah Zevachim,Tosefta Zevahim
Mishnah Zevachim,Tosefta Menahot
Mishnah Zevachim,Tosefta Zevahim
Mishnah Zevachim,Tosefta Zevahim
Mishnah Zevachim,Tosefta Zevahim
Mishnah Zevachim,Tosefta Zevahim
Mishnah Zevachim,Tosefta Zevahim
Mishnah Zevachim,Tosefta Meilah
Mishnah Zevachim,Tosefta Pesachim
Mishnah Zevachim,Tosefta Zevahim
Mishnah Zevachim,Tosefta Zevahim
Mishnah Zevachim,Tosefta Zevahim
Mishnah Zevachim,Tosefta Keritot
Mishnah Zevachim,Tosefta Zevahim
Mishnah Zevachim,Tosefta Pesachim
Mishnah Zevachim,Tosefta Pesachim
Mishnah Zevachim,Tosefta Zevahim
Mishnah Zevachim,Tosefta Zevahim
Mishnah Zevachim,Tosefta Menahot
Mishnah Zevachim,Tosefta Menahot
Mishnah Zevachim,Tosefta Zevahim
Mishnah Zevachim,Tosefta Zevahim
Mishnah Zevachim,Tosefta Menahot
Mishnah Zevachim,Tosefta Zevahim
Mishnah Zevachim,Tosefta Menahot
Mishnah Zevachim,Tosefta Zevahim
Mishnah Zevachim,Tosefta Zevahim
Mishnah Zevachim,Tosefta Menahot
Mishnah Zevachim,Tosefta Zevahim
Mishnah Zevachim,Tosefta Menahot
Mishnah Zevachim,Tosefta Menahot
Mishnah Zevachim,Tosefta Menahot
Mishnah Zevachim,Tosefta Zevahim
Mishnah Zevachim,Tosefta Zevahim
Mishnah Zevachim,Tosefta Zevahim
Mishnah Zevachim,Tosefta Zevahim
Mishnah Zevachim,Tosefta Zevahim
Mishnah Zevachim,Tosefta Zevahim
Mishnah Zevachim,Tosefta Zevahim
Mishnah Zevachim,Tosefta Zevahim
Mishnah Zevachim,Tosefta Zevahim
Mishnah Zevachim,Tosefta Zevahim
Mishnah Zevachim,Tosefta Zevahim
Mishnah Zevachim,Tosefta Zevahim
Mishnah Zevachim,Tosefta Menahot
Mishnah Zevachim,Tosefta Makkot
Mishnah Zevachim,Tosefta Zevahim
